{"env_time":0.319841800710833,"_wandb":{"runtime":18},"reward_mean":72.72413793103448,"compile_latency":0.0045468807220458984,"_runtime":18.023031361,"_step":10,"throughput":1849.6005390528915,"inference_time":0.5384374274996162,"train_time":0.22072315216064453,"_timestamp":1.7649506287958174e+09,"epoch":10,"total_time":1.0813145637512207,"rollout_time":0.8582792282104492}