{"pruning_event/ratio": 0.85, "pruning_event/actual_sparsity": 0.8499540441176471, "pruning_event/fc1_sparsity": 0.25, "pruning_event/fc2_sparsity": 0.887451171875, "_timestamp": 1763318949.4902139, "_runtime": 54.01976275444031, "_step": 25, "epoch": 25, "reward/mean": 355.14, "reward/max": 500.0, "reward/min": 121.0, "episode_len": 355.14, "sparsity/total": 0.8499540441176471, "sparsity/fc1": 0.25, "sparsity/fc2": 0.887451171875, "final/avg_reward": 412.582, "final/avg_max_reward": 500.0, "final/sparsity": 0.8499540441176471, "_wandb": {"runtime": 52}}