{"throughput":9327.526105283992,"compile_latency":0.0006272792816162109,"_runtime":22.857645208,"_timestamp":1.765940936421131e+09,"swap_latency":0.004564046859741211,"train_time":0.0190887451171875,"env_time":0.16754030145239085,"inference_time":0.027516613830812275,"reward_mean":179.1,"total_time":0.21441912651062012,"rollout_time":0.19505691528320312,"epoch":100,"_wandb":{"runtime":22},"_step":100}