{"epoch": 25, "reward/mean": 12.057057057057056, "reward/max": 16.0, "reward/min": 9.0, "episode_len": 12.057057057057056, "sparsity/total": 0.75, "sparsity/fc1": 0.53515625, "sparsity/fc2": 0.763427734375, "_timestamp": 1763319178.9887, "_runtime": 50.685328006744385, "_step": 28, "pruning_event/ratio": 0.75, "pruning_event/actual_sparsity": 0.75, "pruning_event/fc1_sparsity": 0.53515625, "pruning_event/fc2_sparsity": 0.763427734375, "final/avg_reward": 86.66369426127582, "final/avg_max_reward": 196.8, "final/sparsity": 0.75, "_wandb": {"runtime": 49}}