{"env_time":0.3129364331441593,"rollout_time":0.4987192153930664,"inference_time":0.1857827822489071,"epoch":10,"total_time":0.5915200710296631,"throughput":3381.1194208821794,"compile_latency":0.018733501434326172,"reward_mean":28.794117647058822,"_timestamp":1.7649505525948436e+09,"_wandb":{"runtime":5},"_runtime":5.806035562,"train_time":0.09049129486083984,"_step":10}