{"env_time":0.39307931200482926,"_timestamp":1.7649515809247282e+09,"_runtime":23.957946945,"reward_mean":9.305555555555555,"inference_time":0.47449323400041976,"compile_latency":0.15209484100341797,"total_time":1.4064915180206299,"train_time":0.5199782848358154,"_step":10,"swap_latency":0.3930075168609619,"_wandb":{"runtime":23},"throughput":1421.978002977665,"rollout_time":0.867572546005249,"epoch":10}