{"epoch": 25, "reward/mean": 252.69, "reward/max": 500.0, "reward/min": 139.0, "episode_len": 252.69, "sparsity/total": 0.7998621323529411, "sparsity/fc1": 0.48046875, "sparsity/fc2": 0.81982421875, "_timestamp": 1763319237.427743, "_runtime": 50.69917607307434, "_step": 28, "pruning_event/ratio": 0.8, "pruning_event/actual_sparsity": 0.7998621323529411, "pruning_event/fc1_sparsity": 0.48046875, "pruning_event/fc2_sparsity": 0.81982421875, "final/avg_reward": 207.51, "final/avg_max_reward": 416.8, "final/sparsity": 0.7998621323529411, "_wandb": {"runtime": 49}}