{"inference_time":0.029449512716382742,"compile_latency":0.018247127532958984,"reward_mean":275,"rollout_time":0.20321273803710938,"_timestamp":1.7659409628210208e+09,"epoch":100,"train_time":0.01799917221069336,"_wandb":{"runtime":22},"_step":100,"_runtime":22.328991125,"env_time":0.17376322532072663,"total_time":0.22220802307128906,"swap_latency":0.008626937866210938,"sparsity":0.0750131557642487,"throughput":9000.575102359637}