{"pruning_event/ratio": 0.6, "pruning_event/actual_sparsity": 0.5999540441176471, "pruning_event/fc1_sparsity": 0.18359375, "pruning_event/fc2_sparsity": 0.6259765625, "_timestamp": 1763318765.874868, "_runtime": 53.35562992095947, "_step": 25, "epoch": 25, "reward/mean": 428.02, "reward/max": 500.0, "reward/min": 10.0, "episode_len": 428.02, "sparsity/total": 0.5999540441176471, "sparsity/fc1": 0.18359375, "sparsity/fc2": 0.6259765625, "final/avg_reward": 429.3, "final/avg_max_reward": 500.0, "final/sparsity": 0.5999540441176471, "_wandb": {"runtime": 51}}