{"epoch": 25, "reward/mean": 482.31, "reward/max": 500.0, "reward/min": 41.0, "episode_len": 482.31, "sparsity/total": 0.5999540441176471, "sparsity/fc1": 0.30078125, "sparsity/fc2": 0.61865234375, "_timestamp": 1763319120.890653, "_runtime": 50.64920997619629, "_step": 28, "pruning_event/ratio": 0.6, "pruning_event/actual_sparsity": 0.5999540441176471, "pruning_event/fc1_sparsity": 0.30078125, "pruning_event/fc2_sparsity": 0.61865234375, "final/avg_reward": 484.908, "final/avg_max_reward": 500.0, "final/sparsity": 0.5999540441176471, "_wandb": {"runtime": 49}}