{"pruning_event/ratio": 0.75, "pruning_event/actual_sparsity": 0.75, "pruning_event/fc1_sparsity": 0.17578125, "pruning_event/fc2_sparsity": 0.785888671875, "_timestamp": 1763318826.3656409, "_runtime": 53.994128942489624, "_step": 25, "epoch": 25, "reward/mean": 10.253846153846155, "reward/max": 24.0, "reward/min": 8.0, "episode_len": 10.253846153846155, "sparsity/total": 0.75, "sparsity/fc1": 0.17578125, "sparsity/fc2": 0.785888671875, "final/avg_reward": 10.377565229241767, "final/avg_max_reward": 24.8, "final/sparsity": 0.75, "_wandb": {"runtime": 52}}