{"_runtime":50.531558926,"_wandb":{"runtime":50},"rollout_time":17.063814878463745,"throughput":102.36814866038569,"env_time":0.9878708717069458,"_timestamp":1.7648877983220804e+09,"inference_time":16.0759440067568,"epoch":2,"train_time":2.395315647125244,"_step":2,"reward_mean":9.466666666666667,"total_time":19.53732705116272}