{"epoch": 25, "reward/mean": 310.89, "reward/max": 500.0, "reward/min": 119.0, "episode_len": 310.89, "sparsity/total": 0.8499540441176471, "sparsity/fc1": 0.6171875, "sparsity/fc2": 0.864501953125, "_timestamp": 1763319296.571209, "_runtime": 51.94769597053528, "_step": 28, "pruning_event/ratio": 0.85, "pruning_event/actual_sparsity": 0.8499540441176471, "pruning_event/fc1_sparsity": 0.6171875, "pruning_event/fc2_sparsity": 0.864501953125, "final/avg_reward": 325.88599999999997, "final/avg_max_reward": 500.0, "final/sparsity": 0.8499540441176471, "_wandb": {"runtime": 50}}