{"pruning_event/ratio": 0.25, "pruning_event/actual_sparsity": 0.25, "pruning_event/fc1_sparsity": 0.04296875, "pruning_event/fc2_sparsity": 0.262939453125, "_timestamp": 1763318649.9820108, "_runtime": 50.28974485397339, "_step": 25, "epoch": 25, "reward/mean": 381.06, "reward/max": 500.0, "reward/min": 100.0, "episode_len": 381.06, "sparsity/total": 0.25, "sparsity/fc1": 0.04296875, "sparsity/fc2": 0.262939453125, "final/avg_reward": 414.646, "final/avg_max_reward": 500.0, "final/sparsity": 0.25, "_wandb": {"runtime": 48}}