{"pruning_event/ratio": 0.8, "pruning_event/actual_sparsity": 0.7998621323529411, "pruning_event/fc1_sparsity": 0.16015625, "pruning_event/fc2_sparsity": 0.83984375, "_timestamp": 1763318888.458942, "_runtime": 56.9334659576416, "_step": 25, "epoch": 25, "reward/mean": 9.871604938271606, "reward/max": 30.0, "reward/min": 8.0, "episode_len": 9.871604938271606, "sparsity/total": 0.7998621323529411, "sparsity/fc1": 0.16015625, "sparsity/fc2": 0.83984375, "final/avg_reward": 9.750749031402023, "final/avg_max_reward": 22.8, "final/sparsity": 0.7998621323529411, "_wandb": {"runtime": 55}}