{"_timestamp":1.7649505425139718e+09,"inference_time":0.1899014149991558,"_step":10,"throughput":3638.2218070173385,"_wandb":{"runtime":10},"env_time":0.2900618876131489,"compile_latency":0.0025908946990966797,"_runtime":10.22434385,"epoch":10,"total_time":0.5497190952301025,"train_time":0.06891131401062012,"rollout_time":0.4799633026123047,"reward_mean":94.81818181818181}