{"swap_latency":0.007069110870361328,"_runtime":22.025940959,"throughput":9547.600809916585,"compile_latency":0.00012111663818359375,"_wandb":{"runtime":22},"_timestamp":1.765940988936397e+09,"rollout_time":0.19257593154907227,"total_time":0.20947670936584473,"epoch":100,"env_time":0.16552133316872641,"_step":100,"inference_time":0.02705459838034585,"train_time":0.016017913818359375,"reward_mean":219.5}