{"reward_mean":0,"epoch":10,"rollout_time":4.17068338394165,"total_time":4.798563480377197,"_step":10,"train_time":0.6220052242279053,"compile_latency":0.0022237300872802734,"_wandb":{"runtime":59},"throughput":1667.1656075228475,"_timestamp":1.7648005369055212e+09,"_runtime":59.349283282}