{"_timestamp":1.7649515508559983e+09,"_wandb":{"runtime":68},"rollout_time":3.788703203201294,"reward_mean":9.900497512437811,"_step":10,"throughput":411.55751060095895,"_runtime":68.685754215,"inference_time":3.270184794748957,"swap_latency":1.2513055801391602,"epoch":10,"compile_latency":0.05012345314025879,"train_time":1.064319133758545,"total_time":4.859588146209717,"env_time":0.5185184084523371}