{"_wandb":{"runtime":48},"total_time":4.713135004043579,"throughput":1697.38401152025,"_step":10,"epoch":10,"rollout_time":4.083772897720337,"train_time":0.6293494701385498,"_timestamp":1.7648008011260126e+09,"_runtime":48.101296262,"reward_mean":0}