{"_wandb":{"runtime":21},"throughput":1391.386040506502,"compile_latency":0.2131807804107666,"_step":10,"epoch":10,"total_time":1.437415599822998,"rollout_time":0.8739910125732422,"inference_time":0.4753066814981821,"_runtime":21.527253678,"swap_latency":0.4859886169433594,"env_time":0.39868433107506007,"_timestamp":1.7649510670417457e+09,"train_time":0.5456268787384033,"reward_mean":9.765853658536585}