{"rollout_time":3.8930118083953857,"total_time":5.032741546630859,"env_time":0.5522303803949171,"_runtime":72.355255439,"swap_latency":1.270183801651001,"_timestamp":1.7649510401584353e+09,"compile_latency":0.09940743446350098,"_step":10,"train_time":1.132829189300537,"epoch":10,"_wandb":{"runtime":72},"inference_time":3.3407814280004686,"throughput":397.3977168247173,"reward_mean":9.900497512437811}